Sequence,Secondary Structure
YSRCQLQGFNCVVRSYGLPTIPCCRGLTCRSYFPGSTYGRCQRY,CCCCCCCCEEECCCCCCCCCCCCCCCCEEEECCCCCCCEEEECC
TFGSGEADCGLRPLFEKKSLEDKTERELLESYIDGR,CEECECCCCCCCCCCHHHCCCCCCHHHHHHHCCCCC
SNAMFCYQCQETVGNKGCTQVGVCGKKPETAALQDALIYVTKGLGQIATRLRAEGKAVDHRIDRLVTGNLFATITNANFDDDILAERVRMTCAAKKELAASLTDKSGLSDAALWEASEKSAMLAKAGTVGVMATTDDDVRSLRWLITFGLKGMAAYAKHADVLGKHENSLDAFMQEALAKTLDDSLSVADLVALTLETGKFGVSAMALLDAANTGTYGHPEITKVNIGVGSNPGILISGHDLRDLEMLLKQTEGTGVDVYTHSEMLPAHYYPAFKKYAHFKGNYGNAWWKQKEEFESFNGPVLLTTNCLVPPKDSYKDRVYTTGIVGFTGCKHIPGEIGEHKDFSAIIAHAKTCPAPTEIESGEIIGGFAHNQVLALADKVIDAVKSGAIKKFVVMAGCDGRAKSRSYYTDFAEGLPKDTVILTAGCAKYRYNKLNLGDIGGIPRVLDAGQCNDSYSLAVIALKLKEVFGLEDVNDLPIVYNIAWYEQKAVIVLLALLSLGVKNIHLGPTLPAFLSPNVAKVLVEQFNIGGITSPQDDLKAFF,CCCCCECCCCCCHHHCCECCCCCCCCCHHHHHHHHHHHHHHHHHHHHHHHHHHCCCCCCHHHHHHHHHHHHHCCCCCECCHHHHHHHHHHHHHHHHHHHHCCCCCCCCCHHHHCCCCCHHHHHHHHCCCCHHHCCCHHHHHHHHHHHHHHHHHHHHHHHHHHCCCCCHHHHHHHHHHHHHCCCCCCCHHHHHHHHHHHHHHHHHHHHHHHHHHHHHHCCCCCEEEECCCCCCCEEEEECCCHHHHHHHHHHHCCCCCEEEECHHHHHHHHCHHHHHCCCEEEECCCCHHHHHHHHHHHCCCEEECCCCCCCCCHHHHCCEEEECCCECCCCEEECCCCCCCCCCHHHHHHHHCCCCCCCCCCCEEEECCCHHHHHHCHHHHHHHHHCCCCCEEEECCECCCCCHHHHHHHHHHHHCCCCEEEEECCHHHHHCCCCCCCEECCEECEEECCCHHHHHHHHHHHHHHHHHCCCCCHHHCCEEEEEECCCHHHHHHHHHHHHCCCCCCEEECCCCCCCCHHHHHHHHHHHCCECCCCHHHHHHHCC
MLPRLCCLEKGPNGYGFHLHGEKGKLGQYIRLVEPGSPAEKAGLLAGDRLVEVNGENVEKETHQQVVSRIRAALNAVRLLVVDPENDSLL,CCCEEEEEECECCECCCEEECCCCCCCCEEECCCCCCHHHHCCCCCCCEEEEECCEECCCCCHHHHHHHHHCCCCEEEEEEECCCCCCCC
MISLADLQRRIETGELSPNAAIAQSHAAIEAREKEVHAFVRHDKSARAQASGPLRGIAVGIKDIIDTANMPTEMGSEIYRGWQPRSDAPVVMMLKRAGATIIGKTTTTAFASRDPTATLNPHNTGHSPGGSSSGSAAAVGAGMIPLALGTQTGGSVIRPAAYCGTAAIKPSFRMLPTVGVKCYSWALDTVGLFGARAEDLARGLLAMTGRSEFSGIVPAKAPRIGVVRQEFAGAVEPAAEQGLQAAIKAAERAGASVQAIDLPEAVHEAWRIHPIIQDFEAHRALAWEFSEHHDEIAPMLRASLDATVGLTPKEYDEARRIGRRGRRELGEVFEGVDVLLTYSAPGTAPAKALASTGDPRYNRLWTLMGNPCVNVPVLKVGGLPIGVQVIARFGNDAHALATAWFLEDALAK,CCCHHHHHHHHHHCCCCHHHHHHHHHHHHHHHHHHHCCEEEECCCCCCCCCCCCCCCEEEEECCECCCCCCCCCCCHHHCCCCCCCCCHHHHHHHHCCCEEEEEECCCHHHCCCCCCCCECCECCECCCCCCHHHHHHHHCCCCCEEEEEECCCCCHHHHHHHCCEEEECCCCCCCCCCECCCCCCCCEEEEEECCHHHHHHHHHHHHCCHHHCCCCCCCCCEEEECCCHHHCCCCHHHHHHHHHHHHHHHHCCCEEEECCCCHHHHHHHHHHHHHHHHHHHHHCHHHHHHCHHHCCHHHHHHHHHCCCCCHHHHHHHHHHHHHHHHHHHHHCCCCCEEEEECCCCCCCEHHHCCCCCCCCCHHHHHHCCCEEEEEEEEECCEEEEEEEEECCCCHHHHHHHHHHHHHHHCC
MMNPLIIKLGGVLLDSEEALERLFSALVNYRESHQRPLVIVHGGGCVVDELMKGLNLPVKKKNGLRVTPADQIDIITGALAGTANKTLLAWAKKHQIAAVGLFLGDGDSVKVTQLDEELGHVGLAQPGSPKLINSLLENGYLPVVSSIGVTDEGQLMNVNADQAATALAATLGADLILLSDVSGILDGKGQRIAEMTAAKAEQLIEQGIITDGMIVKVNAALDAARTLGRPVDIASWRHAEQLPALFNGMPMGTRILA,CCCCEEEEECHHHHHCHHHHHHHHHHHHHHHCCCCCCEEEEECCHHHHHHHHHHHCCCCCEECCEECECHHHHHHHHHHHHCHHHHHHHHHHHHCCCCEEEECCCHHHCEEEEECCHHHECEEEEEECCCHHHHHHHHCCCEEEECCEEECCCCCEEECCHHHHHHHHHHHHCCEEEEEECCCCCECCCCCECCEECHHHHHHHHHCCCCCCHHHHHHHHHHHHHHHHCCCEEEEECCCHHHHHHHHCCCCCCEEECC
MQNITQSWFVQGMIKATTDAWLKGWDERNGGNLTLRLDDADIAPYHDNFHQQPRYIPLSQPMPLLANTPFIVTGSGKFFRNVQLDPAANLGIVKVDSDGAGYHILWGLTNEAVPTSELPAHFLSHCERIKATNGKDRVIMHCHATNLIALTYVLENDTAVFTRQLWEGSTECLVVFPDGVGILPWMVPGTDEIGQATAQEMQKHSLVLWPFHGVFGSGPTLDETFGLIDTAEKSAQVLVKVYSMGGMKQTISREELIALGKRFGVTPLASALAL,CCCHHHCHHHHHHHHHHHHHHHHCCCCCCCCEEEEECCHHHHHHHHHHCCCCCEEEECCCCCHHHCCCEEEEEECCCCHHHCCCCHHHHEEEEEECCCCCEEEEEEECCCCCCECCCHHHHHHHHHHHHHHHCCCCCEEEEECCHHHHHHCCCCCCCHHHHHHHHHHCCCCHHHHCCCCEEECCCCCCCCHHHHHHHHHHCCCCCEEEECCCEEEEEECCHHHHHHHHHHHHHHHHHHHHHHHCCCCCCCCCHHHHHHHHHHHCCCCCHHHHHC
AAPTAYTPLDVAQAYQFPEGLDGQGQCIAIIELGGGYDETSLAQYFASLGVSAPQVVSVSVDGATNQPTGDPNGPDGEVELDIEVAGALAPGAKIAVYFAPNTDAGFLNAITTAVHDPTHKPSIVSISWGGPEDSWAPASIAAMNRAFLDAAALGVTVLAAAGDSGSTDGEQDGLYHVDFPAASPYVLACGGTRLVASAGRIERETVWNDGPDGGSTGGGVSRIFPLPSWQERANVPPSANPGAGSGRGVPDVAGNADPATGYEVVIDGETTVIGGTSAVAPLFAALVARINQKLGKPVGYLNPTLYQLPPEVFHDITEGNNDIANRARIYQAGPGWDPCTGLGSPIGIRLLQALLP,CCCEEECHHHHHHHCCCCCCCCCCCCEEEEEECCCCCCHHHHHHHHHHCCCCCCCEEEEECCCCCCCCCCCCCCCHHHHHHHHHHHHHHCCCCEEEEEECCCCHHHHHHHHHHHHHCCCCCCCEEEECCCEEHHHCCHHHHHHHHHHHHHHHHCCCEEEEECCCEHHHCCCCCCCCCCEECCCCCCCEEEEEEEEEECCCCEEEEEECECHHHHCECCCEECCCCCCCHHHCCCCCCCCCCCCCCCCCEECCEEEECCCCEEEEEEECCEEEEECCHHHHHHHHHHHHHHHHHHHCCCCCCCHHHHCCCCHHHEECCCCCECCCCCCCCCCECCCCCECCCECCEECHHHHHHHHCC
ARPATVLGAMEMGRRMDVTSSSRSVRAFLQRGHTEIDTAFVYANGQSETILGDLGLGLGRSGCKVKIATKAAPMFGKTLKPADVRFQLETSLKRLQCPRVDLFYLHFPDHGTPIEETLQACHQLHQEGKFVELGLSNYVSWEVAEICTLCKKNGWIMPTVYQGMYNAITRQVETELFPCLRHFGLRFYAFNPLAGGLLTGRYKYQDKDGKNPESRFFGNPFSQLYMDRYWKEEHFNGIALVEKALKTTYGPTAPSMISAAVRWMYHHSQLKGTQGDAVILGMSSLEQLEQNLALVEEGPLEPAVVDAFDQAWNLVAHECPNYFR,CCCEEEEECCCECCCECHHHHHHHHHHHHHCCCCEEECCCCHHHHHHHHHHCCCCCCCCCCCCCCEEEEEECCCCCCCCCHHHHHHHHHHHHHHCCCCCEEEEEECCCCCCCCHHHHHHHHHHHHHCCCEEEEEEECCCHHHHHHHHHHHHHHCCCCEEEEEEECECCECHHHCCHHHHHHHHCCEEEEECCCHHHHHHCCCCHHHHHCCCCCCCCCCCCCHHHHHHHHCCHHHHHHHHHHHHHHHHHHCCCCCCHHHHHHHHHHHCCCCCHHHCCEEEECCCCHHHHHHHHHHCCCCCCCHHHHHHHHHHHHHHHHHCCCCCC
GMAMDLGGYLTRIGLDGRPRPDLGTLHAIVAAHNRSIPFENLDPLLGIPVADLSAEALFAKLVDRRRGGYCYEHNGLLGYVLEELGFEVERLSGRVVWMRADDAPLPAQTHNVLSVAVPGADGRYLVDVGFGGQTLTSPIRLEAGPVQQTRHEPYRLTRHGDDHTLAAQVRGEWQPLYTFTTEPRPRIDLEVGSWYVSTHPGSHFVTGLTVAVVTDDARYNLRGRNLAVHRSGATEHIRFDSAAQVLDAIVNRFGIDLGDLAGRDVQARVAEVLDT,CCCCCHHHHHHHCCCCCCCCCCHHHHHHHHHHHHHHCCEECHHHHCCCCCCCCCHHHHHHHHCCCCCCECHHHHHHHHHHHHHHHCCEEEEEEEEECCCCCCCCCCCCEEEEEEEEECCCCCCCEEECCCCCCCCCCCCEECCCCCEECCCCCCEEEEEECCEEEEEEEECCEEEEEEEECCCCCCHHHHHHHHHHHHHCCCCHHHHCCEEEEECCCEEEEEECCEEEEEECCEEEEEEECCHHHHHHHHHHCCCCCHHHHCCCCHHHHHHHCCCC
GFSRAVRAVFEEKERFPGLVDVVSNLIEVDEKYSLAVSVLLGGTAQNIVVRNVDTAKAIVEFLKQNEAGRVTILPLDLIDGSFNRISGLENERGFVGYAVDLVKFPSDLEVLGGFLFGNSVVVETLDDAIRMKKKYRLNTRIATLDGELISGRGAITGGRE,CCCHHHHHHHHCHHHCCCEEEEHHHHCECCHHHHHHHHHHHHHHHHCEEECCHHHHHHHHHHHHHHCCCCEEEEECCCCCCCCCCCCCHHHCCCEEEEHHHHCECCHHHHHHHHHHHCCCEEECCHHHHHHHHHHHCCCCCEEECCCCEECCCCCEEEEEC
TLDTTWKEATLPQVKAMLQKDTGKVSGDTVTYSGKTVHVVAAAVLPGFPFPSFEVHDKKNPTLQIPAGATVDVTFINTNKGFGHDFDITKKGPPYAVMPVIDPIVAGTGFSPVPKDGKFGYTNFTWHPTAGTYYYVCQIPGHAATGMFGKIVVK,CCECCCEEECHHHHHHHHCCCCCEEECCEEECCCCEEEEEEEECCCCCCCCCEEECCEECCEEEECCCCEEEEEEEECCCCCCCCCEEECCCCCCCCCCCCCCEEEEECCCCCCECCEEEEEEEEECCCCEEEEEECCCCCCHHHCCEEEEEEC
RLSITPLGPYIGAQISGADLTRPLSDNQFEQLYHAVLRHQVVFLRDQAITPQQQRALAQRFGELHIHPVYPHAEGVDEIIVLDTHNDNPPDNDNWHTDVTFIETPPAGAILAAKELPSTGGDTLWTSGIAAYEALSVPFRQLLSGLRAEHDFRKSFPEYKYRKTEEEHQRWREAVAKNPPLLHPVVRTHPVSGKQALFVNEGFTTRIVDVSEKESEALLSFLFAHITKPEFQVRWRWQPNDIAIWDNRVTQHYANADYLPQRRIMHRATILGDKPFYRA,CCEEEECCCCCCEEEECCCCCCCCCHHHHHHHHHHHHHCCEEEECCCCCCHHHHHHHHHCCCCECCCCCCCECCCCCCEEEEEEECCECCCCCCCECCCCCCCCCCCEEEEEEEECCCCCCCEEEEEHHHHHHCCCHHHHHHHCCCEEEECHHHHCCHHHHCCCHHHHHHHHHHHHCCCCEEEECEEECCCCCCEEECCCCCCEEEECCCCHHHHHHHHHHHHHHCCCHHHEEEECCCCCCEEEEECCCEEEEECCCCCCCCEEEEEEEECCCCCECCC
MDDFASLPLVIEPADLQARLSAPELILVDLTSAARYAEGHIPGARFVDPKRTQLGQPPAPGLQPPREQLESLFGELGHRPEAVYVVYDDEGGGWAGRFIWLLDVIGQQRYHYLNGGLTAWLAEDRPLSRELPAPAGGPVALSLHDEPTASRDYLLGRLGAADLAIWDARSPQEYRGEKVLAAKGGHIPGAVNFEWTAAMDPSRALRIRTDIAGRLEELGITPDKEIVTHCQTHHRSGLTYLIAKALGYPRVKGYAGSWGEWGNHPDTPVEL,CHHHCCCCCEECHHHHHCCCCCCCEEEEECCCHHHHHHCECCCCEECCHHHHCCCCCCCCCCCCCHHHHHHHHHHHCCCCCCEEEEECCCCCHHHHHHHHHHHHCCCCCEEEECCHHHHHHHCCCCCECCCCCCCCCCCCCCCCCCCECCHHHHHHHCCCCCEEEEECCCHHHHCCCCCCCCCCCECCCCEECCHHHHEEHHHCCEECCCHHHHHHCCCCCCCCEEEEECCCCCHHHHHHHHHHHCCCCCEEECCCHHHHHCCCCCCCCEC
DPKVHLEAKELWDQFHKRGTEMVITKSGRRMFPPFKVRCSGLDKKAKYILLMDIIAADDCRYKFHNSRWMVAGKADPEMPKRMYIHPDSPATGEQWMSKVVTFHKLKLTNNISDKHGFTILNSMHKYQPRFHIVRANDILKLPYSTFRTYLFPETEFIAVTAYQNDKITQLKIDNNPFAKGFRD,CCEEEECCHHHHHHHHHHCCEEECCCCCECCCCCCEEEEECCCCCCEEEEEEEEEEEEEEEEEEECCEEEEEEECCCCCCCCCEECCCCCEEHHHHCCCCEECCCCCEECCCCCCCCCEECCCCEEEEEEEEEECCCCHHHHHHCCCEEEECHHHCEEEECCCCCHHHHHHHHHHCHHHHHHCC
PDANGYYYHDTFEGSVGQWTARGPAEVLLSGRTAYKGSESLLVRNRTAAWNGAQRALNPRTFVPGNTYCFSVVASFIEGASSTTFCMKLQYVDGSGTQRYDTIDMKTVGPNQWVHLYNPQYRIPSDATDMYVYVATADDTINFYIDEAIGAVAGTVI,CCCCCEEEEECCCCCCCCCEEECCCEEEEECCCCCCCCCEEEEECCCCCCCEEEEECCCCCCCCCCEEEEEEEEECCCCCCCEEEEEEEEEECCCCCEEEEEEEEEEECCCCCEEEEEEEEECCCCCEEEEEEEEECCCCCCEEEEEEEEEECCCCC
KLANGDIAIIDFTGIVDNKKLASASAQNYELTIGSNSFIKGFETGLIAMKVNQKKTLALTFPSDYHVKELQSKPVTFEVVLKAIK,CCCCCEEEEEEEEEEECCEECCCCCCCEEEEEECCCCCCCCHHHHHHCCCCCEEEEECCCCCCCCCCCHHHCCCCEEEEEECCEC
GKVYVFDHPLIQHKLTYIRDKNTGTKEFRELVDEVATLMAFEITRDLPLEEVEIETPVSKARAKVIAGKKLGVIPILRAGIGMVDGILKLIPAAKVGHIGLYRDPQTLKPVEYYVKLPSDVEERDFIIVDPMLATGGSAVAAIDALKKRGAKSIKFMCLIAAPEGVKAVETAHPDVDIYIAALDERLNDHGYIVPGLGDAGDRLFGTK,CCEEECCCHHHHHHHHHHHCCCCCHHHHHHHHHHHHHHHHHHHHHHCCEEEEEEECCCCEEEEEEECCCCEEEEEECCHHHHHHHHHHHHCCCCEECEEEEECCCCCCCCEEEEEECCCCCCCCEEEEECCEECCCHHHHHHHHHHHHCCCCCEEEECCEECHHHHHHHHHHCCCCEEEECEECCEECCCCCEECCCCCHHHHHHCCC
MGPVPPSTALRELIEELVNITQNQKAPLCNGSMVWSINLTAGMYCAALESLINVSGCSAIEKTQRMLSGFCPHKVSAGQFSSLHVRDTKIEVAQFVKDLLLHLKKLFREGRFN,CCCCCHHHHHHHHHHHHHHHHHCCCCCCCCCCEEECCCCCCCHHHHHHHHHCCCCCCHHHHHHHHHHHHHCCCCCCCCCCCCCCCCCCEEEHHHHHHHHHHHHHHHHHHCCCC
SIVLEPIYWNSSNSKFLPGQGLVLYPQIGDKLDIICPKVDSKTVGQYEYYKVYMVDKDQADRCTIKKENTPLLNCARPDQDVKFTIKFQEFSPNLWGLEFQKNKDYYIISTSNGSLEGLDNQEGGVCQTRAMKILMKVGQD,CCECCCEECCCCCCCCECCCEEEECCCCCCEEEEECCCCCCCCCCCCCEEEEEEECHHHHHHCECCCCCCCCEEECCCCCCCEEEEECCCCCCCCCCCCCCCCEEEEEECCCCECHHHCCCCECHHHHHCCCEEEEEECCC
PVEILPYLFLGSCSHSSDLQGLQACGITAVLNVSASCPNHFEGLFRYKSIPVEDNQMVEISAWFQEAIGFIDWVKNSGGRVLVHSQAGISRSATICLAYLMQSRRVRLDEAFDFVKQRRGVISPNFSFMGQLLQFETQVLCH,CEEECCCEEECCCCHHHHHHHHHCCCCCEEEECCCCCCCCCCCCCECCECCCCCCCCCCCCCCCHHHHHHHHHHHCCCCCEEECCCCCCCCHHHHHHHHHHHCCCCCHHHHHHHHHHHCCCCCCCCCHHHHHHHHHHHHCCC
DFEYLQLVLTWPASFCYANHCERIAPNNFTIHGLWPDNVKTRLHNCKPKPTYSYFTGKMLNDLDKHWMQLKFEQDYGRTEQPSWKYQYIKHGSCCQKRYNQNTYFGLALRLKDKFDLLRTLQTHRIIPGSSYTFQDIFDAIKTVSQENPDIKCAEVTKGTPELYEIGICFTPNADSMFRCPQSDTCDKTAKVLFRR,CCCEEEEEEECHHHHHHHCCCCCCCCCCCEEEEEEEECCCCCCCCCCCCCCCCCCCHHHHHHHHHHCCCCCCCHHHHHHHCHHHHHHHHHCHHHCCCCCCHHHHHHHHHHHHHCCCHHHHHHHCCCCCCEEECHHHHHHHHHHHHCCCCEEEEECCCCCCCEEEEEEEEECCCCCCEECCCCCCCCCCCCCEEECC
PLALLPLKGLREAAALLEEALRQGKRIRVHGDYDADGLTGTAILVRGLAALGADVHPFIPHRLEEGYGVLMERVPEHLEASDLFLTVDCGITNHAELRELLENGVEVIVTDHHTPGKTPPPGLVVHPALTPDLKEKPTGAGVAFLLLWALHERLGLPPPLEYADLAAVGTIADVAPLWGWNRALVKEGLARIPASSWVGLRLLAEAVGYTGKAVEVAFRIAPRINAASRLGEAEKALRLLLTDDAAEAQALVGELHRLNARRQTLEEAMLRKLLPQADPEAKAIVLLDPEGHPGVMGIVASRILEATLRPVFLVAQGKGTVRSLAPISAVEALRSAEDLLLRYGGHKEAAGFAMDEALFPAFKARVEAYAARFPDPVREVALLDL,CCCCCCCCCHHHHHHHHHHHHHCCCEEEEECCCCHHHHHHHHHHHHHHHHCCCEEEEECCCCCCCCCCCCHHHHHHHHCCCCEEEECCCCCCCHHHHHHHCCCCCEEEEECCCCCCCCCCCCEEECHHHCCCCCCCCCHHHHHHHHHHHHHHCCCCCCCHHHHHHHHHHHHHCCCCCCCHHHHHHHHHHHHCCCCCCHHHHHHHHHCCCCCCCHHHHHCHHHHHHHHHHCCCHHHHHHHHHCCCHHHHHHHHHHHHHHHHHHHHHHHHHHHHHHHHCCCCCCCEEEECCCCCHHHHHHHHHHHHHHHCCCEEEEECCEEEEECCCCCCHHHHHHCCHHHCCEEEECCCEEEEECCHHHHHHHHHHHHHHHHCCCCCCCCCCCCCC
SRGSSAGFDRHITIFSPEGRLYQVEYAFKAINQGGLTSVAVRGKDCAVIVTQKKVPDKLLDSSTVTHLFKITENIGCVMTGMTADSRSQVQRARYEAANWKYKYGYEIPVDMLCKRIADISQVYTQNAEMRPLGCCMILIGIDEEQGPQVYKCDPAGYYCGFKATAAGVKQTESTSFLEKKVKKKFDWTFEQTVETAITCLSTVLSIDFKPSEIEVGVVTVENPKFRILTEAEIDAHLVALAER,CCCCCCCCCCCCCCCCCCCCCHHHHHHHHHHHCCCCEEEEEECCCEEEEEEECCCCCCCECHHHCCCEEECCCCCEEEEEECHHHHHHHHHHHHHHHHHHHHHHCCCCCHHHHHHHHHHHHHHHHHECCECCCCEEEEEEEEECCCEEEEEEECCCCCEEEECEEEEECCHHHHHHHHHHHCCCCCCCCHHHHHHHHHHHHHHHCCCCCCCCCEEEEEEECCEEEEEECCHHHHHHHHHHHHCC
GIHMGKIKRRAITEHEKRALRHYFFQLQNRSGQQDLIEWFREKFGKDISQPSVSQILSSKYSYLDNTVEKPWDVKRNRPPKYPLLEAALFEWQVQQGDDATLSGETIKRAAAILWHKIPEYQDQPVPNFSNGWLEGFRKRHILH,CCCCCCCCCCCCCCHHHHHHHHHHHCCCCCCCHHHHHHHHHHHHCCCCCCCCCCHHHHHHHHHCCCCCCCCCCCCCCCCCCCHHHHHHHHHHHHHCCCCCCCCCHHHHHHHHHHHHHCCCCCCCCCCCCCCHHHHHHHHHCCCC
MLDSKLKAPVFTVRTQGREYGEFVLEPLERGFGVTLGNPLRRILLSSIPGTAVTSVYIEDVLHEFSTIPGVKEDVVEIILNLKELVVRFLNPSLQTVTLLLKAEGPKEVKARDFLPVADVEIMNPDLHIATLEEGGRLNMEVRVDRGVGYVPAEKHGIKDRINAIPVDAVFSPVRRVAFQVEDTRLGQRTDLDKLTLRIWTDGSVTPLEALNQAVEILREHLTYFSNPQ,CCCCCCCCCEEEEEEECCCEEEEEEEEECCCHHHHHHHHHHHHHHHCCEEEEEEEEEECCCCCCCCECCCECCEHHHHHHHHHCCCEEECCCCCCEEEEEEEEECCCEEEHHHCCCCCCEEECCCCCEEEEECCCCEEEEEEEEEEEECEECHHHHCCCCCCCCEECCEECCCEEEEEEEECCCCCCCCCCCEEEEEEEEECCCCCHHHHHHHHHHHHHHHHHCCCCCC
VKELLEAGVHFGHERKRWNPKFARYIYAERNGIHIIDLQKTMEELERTFRFIEDLAMRGGTILFVGTKKQAQDIVRMEAERAGMPYVNQRWLGGMLTNFKTISQRVHRLEELEALFASPEIEERPKKEQVRLKHELERLQKYLSGFRLLKRLPDAIFVVDPTKEAIAVREARKLFIPVIALADTDSDPDLVDYIIPGNDDAIRSIQLILSRAVDLIIQARGGVVEPSPSYALVQ,CCCCCHHHCCCCCCCCCCCHHHHHHEEEEECCEEEECHHHHHHHHHHHHHHHHHHHCCCCCCEEECCCHHHHHHHHHHHHCCCCCEECCCCCCCCCCCHHHHHHHHHHHHHHHHHCCCCHHHCCCCCHHHHHHHHHHHHHHHCCCCCCCCCCCCCEEECCCCCCHHHHHHHHHHCCCEEEEECCCCCHHHCCEEEECCCCCHHHHHHHHHHHHHHHHHCCCCCCCCCCCHHHHC
MKTIGILGGMGPLATAELFRRIVIKTPAKRDQEHPKVIIFNNPQIPDRTAYILGKGEDPRPQLIWTAKRLEECGADFIIMPCNTAHAFVEDIRKAIKIPIISMIEETAKKVKELGFKKAGLLATTGTIVSGVYEKEFSKYGVEIMTPTEDEQKDVMRGIYEGVKAGNLKLGRELLLKTAKILEERGAECIIAGCTEVSVVLKQDDLKVPLIDPMDVIAEVAVKVALEK,CCCEEEEECCCHHHHHHHHHHHHHCCCCCCHHHCCCEEEEECCCCCCHHHHHCCCCCCCHHHHHHHHHHHHHHCCCEEECCCCHHHHHHHHHHHHCCCCECCHHHHHHHHHHHCCCCEEEEECCHHHHHHCHHHHHHHHCCCEEECCCHHHHHHHHHHHHCCHHHCCHHHHHHHHHHHHHHHHHCCCCEEEECCHHHHHHCCHHHCCCCEECHHHHHHHHHHHHHHCC
ITSVKVVTDKCTYKDNELLTKYSYENAVVTKTASGRFDVTPTVQDYVFKLDLKKPEKLGIMLIGLGGNNGSTLVASVLANKHNVEFQTKEGVKQPNYFGSMTQCSTLKLGIDAEGNDVYAPFNSLLPMVSPNDFVVSGWDINNADLYEAMQRSQVLEYDLQQRLKAKMSLVKPLPSIYYPDFIAANQDERANNCINLDEKGNVTTRGKWTHLQRIRRDIQNFKEENALDKVIVLWTANTERYVEVSPGVNDTMENLLQSIKNDHEEIAPSTIFAAASILEGVPYINGSPQNTFVPGLVQLAEHEGTFIAGDDLKSGQTKLKSVLAQFLVDAGIKPVSIASYNHLGNNDGYNLSAPKQFRSKEISKSSVIDDIIASNDILYNDKLGKKVDHCIVIKYMKPVGDSKVAMDEYYSELMLGGHNRISIHNVCEDSLLATPLIIDLLVMTEFCTRVSYKKVDPVKEDAGKFENFYPVLTFLSYWLKAPLTRPGFHPVNGLNKQRTALENFLRLLIGLPSQNELRFEERLL,CCEEEECCCCEEECCCEEEEEEEEEEEEEEEECCCEEEEEEEEEEEEEEEECCCCCCEEEEEECCCCHHHHHHHHHHHHHHCCCCEEECCEEECCCCCCCHHHHCEEEEEECCCCCCEEEECCCCCCCCCHHHEEEEEECCCCCCHHHHHHHHCCCCHHHHHHHHHHHHCCCCECECCCHHHCCHHHCCCCCCECCECCCCCECCCCHHHHHHHHHHHHHHHHHHCCCCCEEEEECCCCCCCCCCCCCCCCCHHHHHHHHHCCCCCCCHHHHHHHHHHCCCCCEEECCCCCCCCHHHHHHHHHHCCCEEECCECCCHHHHHHHHHHHHHHCCCEEEEEEEEEEECCHHHHHHCCHHHHHHHHHHHCCHHHHHHHCCCCCCECCCECCCEEEEEEEECHHHCCEEEEEEEEEEECHHHCEEEEEEEEEEECHHHHHHHHHHHHHHHHHHHCEEEEEECCCCCCCCCCEECCCECHHHHHHECCCCCCCCCCCCCCHHHHHHHHHHHHHHHCCCCCCCCCCHHHHCC
KSFVITDPRLPDNPIIFASDRFLELTEYTREEVLGNNCRFLQGRGTDRKAVQLIRDAVKEQRDVTVQVLNYTKGGRAFWNLFHLQVMRDENGDVQYFIGVQQEM,CEEEEECCCCCCCCEEEECHHHHHHHCCCHHHHCCCCHHHHCCCCCCHHHHHHHHHHHHHCCCEEEEEEEECCCCCEEEEEEEEEEECCCCCCCCEEEEEEEEC
KAIKAIAGYSISKWEASSDAITAKATNAMSITLPHELSSEKNKELKVGRVLLWLGLLPSVAGRIKACVAEKQAQAEAAFQVALAVADSSKEVVAAMYTDAFRGATLGDLLNLQIYLYASEAVPAKAVVVHLEVEHVRPTFDDFFTPVYR,CCCCCCCCEEEECCECCCCCECCCCEEEECCCCCHHHCCHHHHCCEEEEEEEECCECCCCCCCCEEEECCCCCCCCCHHHHCCCCEECCCCCCEEEECCCCCCCECCCCCCCCEEEECCCCECCCCECCEEEEEEECCCHHHCCCCCCC
ASISTKLQNTLIQYHSIEEDEWRVAKKAKDVTVWRKPSEEFNGYLYKAQGVMDDVVNNVIDHIRPGPWRLDWDRLMTSLDVLEHFEENCCVMRYTTAGQLLNIISPREFVDFSYTVGYEEGLLSCGVSVEWSETRPEFVRGYNHPCGWFCVPLKDSPSQSLLTGYIQTDLRGMIPQSAVDTAMASTLANFYSDLRKGLR,CCHHHHHHHHHHHHCCCCHHHCEEEEEECCEEEEEEECCCCCCEEEEEEEEECCCHHHHHHHHCCCCCHHHHCCCEEEEEEEEECCCCEEEEEEEECCECCCCECCEEEEEEEEEEEECCEEEEEEEECCCCCCCCCCEECEECCEEEEEEEECCEEEEEEEEEEECEECCCCCCHHHHHHHHHHHHHHHHHHHHHHCC
AELVSDKALESAPTVGWASQNGFTTGGAAATSDNIYIVTNISEFTSALSAGAEAKIIQIKGTIDISGGTPYTDFADQKARSQINIPANTTVIGLGTDAKFINGSLIIDGTDGTNNVIIRNVYIQTPIDVEPHYEKGDGWNAEWDAMNITNGAHHVWIDHVTISDGNFTDDMYTTKDGETYVQHDGALDIKRGSDYVTISNSLIDQHDKTMLIGHNDTNSAQDKGKLHVTLFNNVFNRVTERAPRVRYGSIHSFNNVFKGDAKDPVYRYQYSFGIGTSGSVLSEGNSFTIANLSASKACKVVKKFNGSIFSDNGSVLNGSAVDLSGCGFSAYTSKIPYIYDVQPMTTELAQSITDNAGSGKL,CCCCCHHHHCCCCCCCHHHCCCCCCCCCCCCHHHEEEECCHHHHHHHHCCCCCCEEEEECCEEECCCCCCCCCHHHHHHHCEEECCCCEEEEECCCCCEEECCEEEEEHHHCCEEEEEECCEEECCCCCCCEEECCCEEECCCCCEEEECCCEEEEEECCEEECCCCCHHHCCEECCEECCCCCCCEEECCCCEEEEEECCEEEEEEECEEECCCCCCHHHHCCCCEEEEECCEEEEEEECCCEECCCEEEEECCEEEEECCCCCCCCCCCEEECCCCEEEEECCEEEEECCCHHHHHHHEEECCCCEEEEECCEECCEECCCCCCCCECCCCCCCCCCCCCCCCHHHHHHHHHHCCCCCC
MNYEIKQEEKRTVAGFHLVGPWEQTVKKGFEQLMMWVDSKNIVPKEWVAVYYDNPDETPAEKLRCDTVVTVPGYFTLPENSEGVILTEITGGQYAVAVARVVGDDFAKPWYQFFNSLLQDSAYEMLPKPCFEVYLNNGAEDGYWDIEMYVAVQPK,CCCEEEEECCEEEEEEEEECCHHHHHHHHHHHHHHHHHHCCCCCCEEEEEECCCCCCCCHHHCEEEEEEEECCCCCCCCCCCCCEEEEECCEEEEEEEEEECCCCCHHHHHHHHHHHCCCCCEEECCCCEEEEECCCHHHHCCEEEEEEEEEEEC
SHSVKIYDTCIGCTQCVRACPLDVLEMVPWDGCKAGQIASSPRTEDCVGCKRCETACPTDFLSIRVYLGAETTRSMGLAY,CCCCCCCCCCCCCCCCCCCCCCCCCEEEECCCCCCCEEEECCCCCCCCCCCCCCCCCCCCCCCCCCCCCCCCCCCCCCCC
LTDEELVTMSVRELNQHLRGLSKEEIIQLKQRRRTLKNRGY,CCHHHHHHCCHHHHHHHHCCCCHHHHHHHHHHHHHHCCCCC
DTPANCTYLDLLGTWVFQVGSSGSQRDVNCSVMGPQEKKVVVYLQKLDTAYDDLGNSGHFTIIYNQGFEIVLNDYKWFAFFKYKEEGSKVTTYCNETMTGWVHDVLGRNWACFTGKKVG,CCCCCCCHHHHCEEEEEEECCCECCCCCCCCCCCCCCEEEEEEEECCCEEEECCCCEEEEEEECCCEEEEEECCEEEEEEEEEEECCCCEEEEEEEECCEEEEECCCCCEEEEEEEECC
MNRVDLSLFIPDSLTAETGDLKIKTYKVVLIARAASIFGVKRIVIYHDDADGEARFIRDILTYMDTPQYLRRKVFPIMRELKHVGILPPLRTPHHPTGKPVTGEYRQGLTVKRVKKGTLVDIGADKLALCREKLTVNRIMSFRVVRLGKEILIEPDEPEDRYWGYEVLDTRRNLAESLKTVGADVVVATSRNASPITSILDEVKTRMRGAREAAILFGGPYKGLPEIDADIWVNTLPGQCTETVRTEEAVLATLSVFNMLTQ,CCCCEEEEEEECCCCCCCCCHHHHHHHHHHHHHHHHHCCCCEEEEEECCCCCCHHHHHHHHHHHHCCHHHHHHHCCCCHHHHHHHHCCCCCCCCCCCCCCCCCCEEEEEEEEECCCCEEEECCCCCEEECCCCCCCCCEEEEEEEECCCCCEEEECCCCCCCCCCEEEEEEEEHHHHHHHHCCCEEEEECCCCCECCCCHHHHHHHHCCCCEEEEECCCCCCCCCCCCCCEEEECCCCCCCCCCCHHHHHHHHHHHHHHHCC
MLVANINGGFESTPAGVVTDLAEGVEGWDLNVGSSVTNPPVFEVLETSDAPEGNKVLAVTVNGVGNNPWDIEATAFPVNVRPGVTYTYTIWARAEQDGAVVSFTVGNQSFQEYGRLHEQQITTEWQPFTFEFTVSDQETVIRAPIHFGYAANVGNTIYIDGLAIASQP,CCCCCCCCCCCCCCCEECCCHHHCECCEEEEECCCCCCCCEEEEEECCCCCCCCEEEEEEECCCCCCCCCEEEEEEEEECCCCCEEEEEEEEEECCCCEEEEEEEECCCCCEEEEEEEEEECCCCEEEEEEEECCCCCCEEEEEEEECCHHHCCEEEEEEEEEEECCC
VICRECGKPDTKIIKEGRVHLLKCMACGAIRPIRMI,CCCCCCCCCEEEEEEECCEEEEEEECCCEEEEECCC
EILIEGNRTIIRNFRELAKAVNRDEEFFAKYLLKETGSAGNLEGGRLILQRR,CEEEECCEEEECCHHHHHHHHHCCHHHHHHHHHHHHCCEEEEECCEEEEECC
PDKDFIVNPSDLVLDNKAALRDYLRQINEYFAIIGRPRF,CCCCCCCCCCCCCCCCCCHHHHHHHHHHHHHHHHHCCCC
DADPTFDFIGYLETLPQTSGMYMGNASIIPRNYRKYLYHAYLAYMEANGYRNVLSLKMFGLGLPVMLKEYGLNYEKRHTKQGIQTNLTLKEESYGDWLPK,CCCHHHHHHHHEEECCCCCCCECCCCCCCCCCCCCEHHHHHHHHHHHCCCCCCCCHHHHHHHHHHHHHHCCCCCCEEEECCEEEECEEECCHHHHHCCCC
VLLKEYRVILPVSVDEYQVGQLYSVAEASKNETGGGEGVEVLVNEPYEKDDGEKGQYTHKIYHLQSKVPTFVRMLAPEGALNIHEKAWNAYPYCRTVITNEYMKEDFLIKIETWHKPDLGTQENVHKLEPEAWKHVEAIYIDIADRSQVLSKDYKAEEDPAKFKSVKTGRGPLGPNWKQELVNQKDCPYMCAYKLVTVKFKWWGLQNKVENFIHKQEKRLFTNFHRQLFCWLDKWVDLTMDDIRRMEEETKRQLDE,CEEEEEEEEECCCHHHHHHHHHHHHHHHHCCCCCCCCCEEEEEEEEEECCCCCEEEEEEEEEECHHHCCHHHHCCCCCCCCEEEEEEEEECCEEEEEEEECCCHHHEEEEEEEEEECCCCCCCCCCCCCHHHHCCCEEEEECCCCHHHCCHHHCCHHHCCCCCCCCCCCCCCCCCCHHHHHCCCCCCCCEEEEEEEEEEECCCCCHHHHHHHHHHHHHHHHHHHHHHHHHCHHHHCCCCHHHHHHHHHHHHHCCCC
DPPAVHLSNGPGQEPIAVMTFDLTKITKTSSSFEVRTWDPEGVIFYGDTNPKDDWFMLGLRDGRPEIQLHNHWAQLTVGAGPRLDDGRWHQVEVKMEGDSVLLEVDGEEVLRLRQVSGPLTSKRHPIMRIALGGLLFPASNLRLPLVPALDGCLRRDSWLDKQAEISASAPTSLRSC,CCCCEECCCCCCCCCCEEEEEECCCCCCCEEEEEEEECCCCEEEEEEEEECCCEEEEEEEECCEEEEEEECCCCEEEEECCCCCCCCCCEEEEEEEECCEEEEEECCEEEEEECCCCCCCCCCCCCEEEEEECCCCCCHHHCCCCCCCCCCEEEEEEEECCHHHEEEEECCCCCCEC
SSNAKIDQLSSDVQTLNAKVDQASNDANAARSDAQAAKDDAARANQRLDNMAT,CHHHHHHHHHHHHHHHHHHHHHHHHHHHHHHHHHHHHHHHHHHHHHHHHCCCC
TLTKHEQDILLKELGPHVDTPAHIVETGLGAYHALFTAHPQYISHFSRLEGHTIENVMQSDGIKHYARTLTEAIVHMLKEISNDAEVKKIAAQYGKDHTSRKVTKDEFMSGEPIFTKYFQNLVADAEGKAAVEKFLKHVFPMMAAEI,CCCHHHHHHHHHHHHHHCCCHHHHHHHHHHHHHHHHHHCHHHHHHCHHHCCCCCCCHHHCCHHHHHHHHHHHHHHHHHHCCCCHHHHHHHHHHHHHCCCCCCCCHHHHHCCHHHHHHHHHHHCCCHHHHHHHHHHHHHHHHHHHCCC
MQQLQNVIESAFERRADITPANVDTVTREAVNQVIGLLDSGALRVAEKIDGQWVTHQWLKKAVLLSFRINDNKVMDGAETRYYDKVPMKFADYDEARFQKEGFRVVPPATVRQGAFIARNTVLMPSYVNIGAYVDEGTMVDTWATVGSCAQIGKNVHLSGGVGIGGVLEPLQANPTIIEDNCFIGARSEVVEGVIVEEGSVISMGVYLGQSTRIYDRETGEIHYGRVPAGSVVVSGNLPSKDGSYSLYCAVIVKKVDAKTRGKVGINELLRTID,CHHHHHHHHHHHHCHHHCCCCCCCHHHHHHHHHHHHHHHHCCCCCEEEECCEEEECHHHHHHHHHHHHHCCCEEEECCCCEEEECCCEHHHHCCHHHHHHHCCEECCCCEEECCCEECCCCEECCEEECCCCEECCCCEECCCEEECCCCEECCCCEECCCCEECCCECCECCCCCEECCCCEECCCCEECCCCEECCCCEECCCCEECCCCCEEECCCCCEECCEECCCEEEEEEEEECCCCCCEEEEEEEEEECCHHHHHHHCCCHHHCCCC
AIRVLKGLEGVRHRPAMYIGGTGVEGYHHLFKEILDNAVDEALAGYATEILVRLNEDGSLTVEDNGRGIPVDLMPEEGKPAVEVIYNTLHSGGKFEQGAYKVSGGLHGVGASVVNALSEWTVVEVFREGKHHRIAFSRGEVTEPLRVVGEAPRGKTGTRVTFKPDPEIFGNLRFDPSKIRARLREVAYLVAGLKLVFQDRQHGKEEVFLDKGGVASFAKALAEGEDLLYEKPFLIRGTHGEVEVEVGFLHTQGYNAEILTYANMIPTRDGGTHLTAFKSAYSRALNQYAKKAGLNKEKGPQPTGDDLLEGLYAVVSVKLPNPQFEGQTKGKLLNPEAGTAVGQVVYERLLEILEENPRIAKAVYEKALRAAQAREAARKARELV,CCEECCCCHHHHHCCHHHHCCCCHHHHHHHHHHHHHHHHHHHHCCCCCEEEEEECCCCCEEEEECCCCCCCCEECCCCEEHHHHHHHCCCEECHHHHCCCCCCCCCCCCCHHHHHHCEEEEEEEEEECCEEEEEEEECCEEEEEEEEEEECHHHCCEEEEEEEECHHHHCCCCCCHHHHHHHHHHHHHHCCCCEEEEEEHHHCEEEEECCCCHHHHHHHHHCCCCCECCCCCEEEEEEECCEEEEEEEEEECCCCCEEEEEECCEECCCCEHHHHHHHHHHHHHHHHHHHHCCCCCCCCCCCCCCCCCCCEEEEEEEECCCCCECCCCCCCECCHHHHHHHHHHHHHHHHHHHHHCHHHHHHHHHHHHHHHHHHHHHHHHHHHC
KMSEKLRIKVDDVKINPKYVLYGVSTPNKRLYKRYSEFWKLKTRLERDVGSTIPYDFPEKPGVLDRRWQRRYDDPEMIDERRIGLERFLNELYNDRFDSRWRDTKIAQDFLQLSKPN,CCCCCCCCEEEEEEECCCCEEEEEECCCCCEEECHHHHHHHHHHHHHHHCCCCCCCCCCCCCCCCCCCCCCCCCHHHHHHHHCCHHHHHHHHHCCCCCCHHHHCHHHHHHCCCCCCC
RDHRKIGKQLDLYHMQEEAPGMVFWHNDGWTIFRELEVFVRSKLKEYQYQEVKGPFMMDRVLWEKTGHWDNYKDAMFTTSSENREYCIKPMNCPGHVQIFNQGLKSYRDLPLRMAEFGSCHRNEPSGSLHGLMRVRGFTQDDAHIFCTEEQIRDEVNGCIRLVYDMYSTFGFEKIVVKLSTRPEKRIGSDEMWDRAEADLAVALEENNIPFEYQLGEGAFYGPKIEFTLYDCLDRAWQCGTVQLDFSLPSRLSASYVGEDNERKVPVMIHRAILGSMERFIGILTEEFAGFFPTWLAPVQVVIMNITDSQSEYVNELTQKLSNAGIRVKADLRNEKIGFKIREHTLRRVPYMLVCGDKEVESGKVAVRTRRGKDLGSMDVNEVIEKLQQEIRSRSLKQLEE,CCHHHHHHHHCCCCCCCCCCCECCECHHHHHHHHHHHHHHHHHHHHHCCEECECCCEEEHHHHHHHCHHHCCCCCCEEEECCCCEEEECCCCHHHHHHHHHCCCEEHHHCCEEEECCCEEECCCCHHHCECCCECCEEEECCEEEEECCCCHHHHHHHHHHHHHHHHHHHCCCCEEEEEECCCCCCCCCHHHHHHHHHHHHHHHHHCCCCEECCCCCCECCECEEEEEEECCCCCEEEEEEEEEECCHHHHCCCCEECCCCCEECCEEEEEECCCEHHHHHHHHHHHHCCCCCHHHCCCCEEEEECCCCCHHHHHHHHHHHHHCCCCEEEECCCCCHHHHHHHHHCCCCCEEEEECHHHHCCCEEEEEECCCCECCCEEHHHHHHHHHHHHHCCCCCCCCC
MVNWAAVVDDFYQELFKAHPEYQNKFGFKGVALGSLKGNAAYKTQAGKTVDYINAAIGGSADAAGLASRHKGRNVGSAEFHNAKACLAKACSAHGAPDLGHAIDDILSHL,CCCHHHHHHHHHHHHHHHCHHHHHHCCCCCCCHHHHHHCHHHHHHHHHHHHHHHHHHHCCCCHHHHHHHHHCCCCCHHHHHHHHHHHHHHHHHCCCCCCHHHHHHHHCCC
VVKAAGLVIYRKLAGKIEFLLLQASYPPHHWTPPKGHVDPGEDEWQAAIRETKEEANITKEQLTIHEDCHETLFYEAKGKPKSVKYWLAKLNNPDDVQLSHEHQNWKWCELEDAIKIADYAEMGSLLRKFSAFLAGF,CEEEEEEEEEEEECCEEEEEEEEECCCCCCEECCEEECCCCCCHHHHHHHHHHHHHCCCHHHEEEEEEEEEEEEEEECCEEEEEEEEEEEECCCCCCCCCCCEEEEEEECHHHHHHHHCCHHHHHHHHHHHHHHHHC
SEVDVKDCANHEIKKVLVPGCHGSEPCIIHRGKPFQLEAVFEANQNTKTAKIEIKASIDGLEVDVPGIDPNACHYMKCPLVKGQQYDIKYTWNVPKIAPKSENVVVTVKVMGDDGVLACAIATHAKIRD,CEECCEECCCCCEEEEECCCCCECCCEEEECCCEEEEEEEEECCCCECCCEEEEEEEECCEEECCCCCCCEHHHCCCCCECCCCEEEEEEEEECCCCCCCECCEEEEEEEEECCEEEEEEEECCEEEEC
MYLGRILAVGRNSNGSFVAYRVSSRSFPNRTTSIQEERVAVVPVEGHERDVFRNPYIAYNCIRIVGDTAVVSNGSHTDTIADKVALGMNLRDAIGLSLLAMDYEKDELNTPRIAAAINGSEAFIGIVTADGLMVSRVPEETPVYISTYEQTEPAATEFKAGSPEEAAEFILKGGEFAAFTHPVTAAAAFNDGEGWNLATREM,CCCCCEEEEEECCCCEEEEEEEECCCCCCEEEEEECCEEEEEECCCCHHHHHCCCCCCEEEEEEECCEEEEECCCHHHHHHHHHHHCCCHHHHHHHHHHHHCCCCCCCCCCEEEEEECCCCEEEEEEECCEEEEEECCCCCCEEEECCCCCCCEECCCCCCCHHHHHHHHHCCHHHHCCCCEEEEEEEEECCCCEEEEEECC
AKIPIKAIKTVGKAVGKGLRAINIASTANDVFNFLKPKKRKA,CCCCHHHHHHHHHHHHHHHHHHHHHHHHHHHHHHCCCCCCCC
LPMLQVALDNQTMDSAYETTRLIAEEVDIIEVGTILCVGEGVRAVRDLKALYPHKIVLADAKIADAGKILSRMCFEANADWVTVICCADINTAKGALDVAKEFNGDVQIELTGYWTWEQAQQWRDAGIGQVVYHRSRDAQAAGVAWGEADITAIKRLSDMGFKVTVTGGLALEDLPLFKGIPIHVFIAGRSIRDAASPVEAARQFKRSIAELW,CCEEEEEECCCCHHHHHHHHHHHHHHCCEEEECHHHHHHHCCHHHHHHHHHCCCCEEEEEEEECCCHHHHHHHHHHCCCCEEEEECCCCHHHHHHHHHHHHHCCCEEEEEECCCCCHHHHHHHHHCCCCEEEEECCHHHHHCCCCCCHHHHHHHHHHHHCCCEEEEECCCCHHHHHHHCCCCCCEEEECHHHHCCCCHHHHHHHHHHHHHHHC
KMARKDPTIEFCQLGLDTFETKYITMFGMLVSCSFDKPAFISFVFSDFTKNDIVQNYLYDRYLIDYENKLELNEGFKAIMYKNQFETFDSKLRKIFNNGLRDLQNGRDENLSQYGIVCKMNIKVKMYNGKLNAIVRECEPVPHSQISSIASPSQCEHLRLFYQRAFKRIGESAISRYFEEYRRFFPI,CCCCCCCECCCCCCCCCCCCCEEEEECCCCCEEECCCCCEEEEEECCCCCCCCCCCCCCCCCCCCCCCCCCCCCCEEEEEEHHHHHHHHHHHHCCCCCCHHHHCCCCCCCCCCCCCCEEEEEEEECCCCCCEEEECCCEECCCCCHHHHCCCCHHHHHHHHHHHHHHHHCHHHHHHCHHHHCCCCCC
SLFKQERQKYIPKLPNILKKDFNNISLVYGENTEAIQDRQALKEFFKNTYGLPIISFTEGESSLSFSKALNIGIILSGGPAPGGHNVISGVFDAIKKFNPNSKLFGFKGGPLGLLENDKIELTESLINSYRNTGGFDIVSSGRTKIETEEHYNKALFVAKENNLNAIIIIGGDDSNTNAAILAEYFKKNGENIQVIGVPKTIDADLRNDHIEISFGFDSATKIYSELIGNLCRDAMSTKKYWHFVKLMGRSASHVALECALKTHPNICIVSEEVLAKKKTLSEIIDEMVSVILKRSLNGDNFGVVIVPEGLIEFIPEVKSLMLELCDIFDKNEGEFKGLNIEKMKEIFVAKLSDYMKGVYLSLPLFIQFELIKSILERDPHGNFNVSRVPTEKLFIEMIQSRLNDMKKRGEYKGSFTPVDHFFGYEGRSAFPSNFDSDYCYSLGYNAVVLILNGLTGYMSCIKNLNLKPTDWIAGGVPLTMLMNMEERYGEKKPVIKKALVDLEGRPFKEFVKNRDKWALNNLYLYPGPVQYFGSSEIVDEITETLKLEL,CHHHHHHCCCCCCCCHHHHCCHHHEEEEEEEECCCCCCHHHHHHHCCCCCCCEEEEEEECCCCCCCCCCCEEEEEECCCCCCCHHHHHHHHHHHHHHHCCCCEEEEECCCHHHHHHCCEEEECHHHHHHHCCCCCCCCCCCCCCCCCCHHHHHHHHHHHHHCCCCEEEEEECHHHHHHHHHHHHHHHHCCCCCEEEEEEEECCCCCCCCCCCCCEEHHHHHHHHHHHHHHHHHHHHHHCCEEEEEEECCCCCCHHHHHHHHHHCCCEECCHHHHHHCCCCHHHHHHHHHHHHHHHHHCCCCCEEEEEECCHHHCCHHHHHHHHHHHHHHHHCHHHHCCCCHHHHHHHHHHHCCHHHHHHHCCCCHHHHHHHHHHHHCCCCCCCCCCCCCCHHHHHHHHHHHHHHHHHHCCCCCCCCEEEEEEECHHHHCCCCCHHHHHHHHHHHHHHHHHHHCCCCCEEEEEECCCCCHHHCEEEEEEHHHHEEEEEECCEEEEEECCCCCCCCCHHHHHHHHHHHHHHHCCCCCCCCCCCCCCCHHHHCCCCHHHHHHC
MRNEMHLQFSARSENESFARVTVAAFVAQLDPTMDELTEIKTVVSEAVTNAIIHGYNNDPNGIVSISVIIEDGVVHLTVRDEGVGIPDIEEARQPLFTTKPELERSGMGFTIMENFMDEVIVESEVNKGTTVYLKKHIVKS,CCEEEEEEECCCCCHHHHHHHHHHHHHHHHCCCHHHHHHHHHHHHHHHHHHHHCCCCCCHHHCEEEEEEECCCEEEEEEEECCCCCCCHHHHHCCCCCCCHHHCCCCCCHHHHHHHCCECCEEEECCCEEEECCEEECCCC
QCTGGADCTSCTGACTGCGNCPNAVTCTNSQHCVKANTCTGSTDCNTAQTCTNSKDCFEANTCTDSTNCYKATACTNSSGCPGH,CCCCCCCCCCCCCCECCCCCCCCCCCECCCCCCCCCCCECCCCCECCCCEECCCCCECCCCEECCCCCCCCCCECCCCCCCCCC
MKPVTLYDVAEYAGVSYQTVSRVVNQASHVSAKTREKVEAAMAELNYIPNRCAQQLAGKQSL,CCCCCHHHHHHHHCCCHHHHHHHHHCCCCCCHHHHHHHHHHHHHCCCCCCHHHHHHHCCCCC
GPGFDYAVAMAKRNIVTATTSKGEFTMLGVHDNVAILPTHASPGESIVIDGKEVEILDAKALEDQAGTNLEITIITLKRNEKFRDIRPHIPTQITETNDGVLIVNTSKYPNMYVPVGAVTEQGYLNLGGRQTARTLMYNFPTRAGQCGGVITCTGKVIGMHVGGNGSHGFAAALKRSYFT,CCCCCHHHHHHHHHEEEEEECCEEEEEEEEEECEEEEEHHHCCCCEEEECCEEEEEEEEEEEECCCCCEEEEEEEEECCCCCECCCHHHCCCCCCCEEEEEEEECCCCCCCEEEEEEEEEEEEEEEECCEEEEEEEEEECCCCCCCCCCEEEECCEEEEEEEEEECCEEEEEECCHHHHC
DMMDLPRSRINAGMLAQFIDKPVCFVGRLEKIHPTGKMFILSDGEGKNGTIELMEPLDEEISGIVEVVGRVTAKATILCTSYVQFKEDSHPFDLGLYNEAVKIIHDFPQFYPLGI,CCCCCCCEEECHHHCCCCCCCEEEEEEEEEEECCCCCEEEEECCCCCEEEEEECCCCCCCCCCEEEEEEEECCCCCEEEEEEEECCCCCCCCCHHHHHHHHHHHHHCHHHCCCCC
TDQLKKAKAEAQVIIEQANKRRSQILDEAKAEAEQERTKIVAQAQAEIEAERKRAREELRK,CHHHHHHHHHHHHHHHHHHHHHHHHHHHHHHHHHHHHHHHHHHHHHHHHHHHHHHHHHHCC
TFRKSFDCYDFYDRAKVGEKCTQDDWDLMKIPMKAMELKQKYGLDFKGEFIPTDKDMMEKLFKAGFEMLLECGIYCTDTHRIVKYTEDEIWDAINNVQKEFVLGTGRDAVNVRKRSVGDKAKPIVQGGPTGSPISEDVFMPVHMSYALEKEVDTIVNGVMTSVRGKSPIPKSPYEVLAAKTETRLIKNACAMAGRPGMGVKGPETSLSAQGNISADCTGGMTCTDSHEVSQLNELKIDLDAISVIAHYKGNSDIIMDEQMPIFGGYAGGIEETTIVDVATHINAVLMSSASWHLDGPVHIRWGSTNTRETLMIAGWACATISEFTDILSGNQYYPCAGPCTEMCLLEASAQSITDTASGREILSGVASAKGVVTDKTTGMEARMMGEVARATAGVEISEVNVILDKLVSLYEKNYASAPAGKTFQECYDVKTVTPTEEYMQVYDGARKKLEDLGLVF,CCCCCCCHHHHHHHHHHCEECCHHHHHCCHHHHHHHHHHHHCCCCCCCCCCCCCHHHHHHHHHHHHHHHHHHCEEECCCCEEECCCHHHHHHHHCCCCCEEEECCHHHCEEEECCCCCCCCCCEEEECCCCCEECHHHHHHHHHHHHCCCCCCEEECCEECCECCECCCCCCHHHHHHHHHHHHHHHHHHHHCCCCCCCEEECCCCCCHHHHHCCECCCCECCCCEEEEECECCCEECHHHHHHHHHHHHCCCEEEEECCCEECCCCCCHHHHHHHHHHHHHHHHHHCCCCEEEECCEECCCCCCCCHHHHHHHHHHHHHHHHHCCCCEEEECCCCCCCCCHHHHHHHHHHHHHHHHHCCCEEEECCCHHHCCCCCCCHHHHHHHHHHHHHHCCCCHHHHHHHHHHHHHCCCCCCCCCCCCCCHHHHEECCCCEECHHHHHHHHHHHHHHHHHCCCC
MGYSFEQAITQLFQQLSLSIPDTIEPVIGVKVGEFACHITEHPVGQILMFTLPSLDNNDEKETLLSHNIFSQDILKPILSWDEVGGHPVLWNRQPLNSLDNNSLYTQLEMLVQGAERLQTSS,CCHHHHHHHHHHHHHCCCCCCCCCCCCEEEEECCEEEEEEECCCCEEEEEECCCCCCCCCHHHHHHCCCCCCCCCCCEEEEECCCCEEEEEEEEECCCCHHHCCHHHHHHHHHHHHHHHCCC
TPKVFVGYSIYKGKAALTVEPRSPEFSPLDSGAFKLSREGMVMLQFAPAAGVRQYDWSRKQVFSLSVTEIGSIISLGTKDSCEFFHDPNKGRSDEGRVRKVLKVEPLPDGSGHFFNLSVQNKLINLDENIYIPVTKAEFAVLVSAFNFVMPYLLGWHTAVNSFKPE,CCCEECCEEEECCCEEEEEEEECCEEEECCCCEEEEEECCEEEEEEEEECCCCCECHHHCEEEEECHHHHHHHHCCCCCCCEEEEECCCCCCCCCCCCEEEEEEEECCCCCEEEEEEEEEEHHHCEEEEEEEEEEHHHHHHHHHHHHHHHHHHCCHHHHHCCCCCC
ATKAVAVLKGDGPVQGIINFEQKESNGPVKVWGSIKGLTEGLHGFHVHEFGDNTAGCTSAGPHFNPLSRKHGGPKDEERHVGDLGNVTADKDGVADVSIEDSVISLSGDHSIIGRTLVVHEKADDLGKGGNEESTKTGNAGSRLACGVIGIAQ,CCEEEEEEECCCCCEEEEEEEECCCCCCEEEEEEEECCCCEEEEEECCCCCCCCCCCCCCCCCCCCCCCCCCCCCCCCCCCCEEEEEEECCCCCEEECCEECCCCCCCCCCCCCCEEEEECCCCCCCCCCCCHHHCCCCCCCEEEEEECCCCC
DWVIPPIKVSENERGPFPKRLVQIKSNKDRFNKVYYSITGQGADNPPQGVFRIEWETGWMLVTRPLDREEYDKYVLSSHAVSENGSPVEEPMEITINVIDQNDNRPKFTQDVFRGSVREGVQPGTQVMAVSATDEDDNIDSLNGVLSYSILKQDPEEPIPNLFTINRETGVISLIGTGLDREKFPEYTLTVQATDLEGAGLSVEGKAIIQITDANDNAPIFDPKTYTALVPENEIGFEVQRLSVTDLDMPGTPAWQAVYKIRVNEGGFFNITTDPESNQGILTTAKGLDFELRKQYVLQITVENAEPFSVPLPTSTATVTVTVEDVNEAPFFVPAVSRVDVSEDLSRGEKIISLVAQDPDKQQIQKLSYFIGNDPARWLTVNKDNGIVTGNGNLDRESEYVKNNTYTVIMLVTDDGVSVGTGTGTLILHVLDVNDNGPVPSPRVFTMCDQNPEPQVLTISDADIPPNTYPYKVSLSHGSDLTWKAELDSKGTSMLLSPTQQLKKGDYSIYVLLSDAQNNPQLTVVNATVCSCEGKAIKCQ,CCCCCCEEEECCCCCCCCEEEEECCCCHHHCCCEEEEEEEECCCECCCCCEEECCCCCEEEECCCCCCCCCCEEEEEEEEEECCCCECCCCEEEEEEEECCCCCCCEECCCCEEEEEECCCCCCEEEEECCEECCCCCCCCCCCCCEEEEEEECCCCCCCCCEEECCCCCEEEECCCCCCCCCCCEEEEEEEEEHHHHCCCEEECCEEEEEECCCCCCCCECCCEEEEEEECCCCCCEEEEECECCCCCCCCCCCCEECCECCCCCCCEEEEECCCCCCEEEEECCCCCCCCCCCEEEEECCEECCCCCCCCCCCCEEEEEEEECCCCCCEECCCEECCCECCCCCCCEEEEECCEECCCCCCCCCEEEEECCCCCCCCEEECCCCEEEECCCCCCCCCCCCCCCCEEEEEEEECCCCCCCCCEEEECCECCCCCCCCCECCCCEEECCCCCCCEEEEECCCCCCCCCCCCCCECCCCCCCCCECCECCCCCEEEEECCCCCCCCCECCEEECCCCCCCCEEEECCEEECCCCCCCCCCC
MLLAQKPFWQRHLAYPHINLDTVAHSLRLTGPLDTTLLLRALHLTVSEIDLFRARFSAQGELYWHPFSPPIDYQDLSIHLEAEPLAWRQIEQDLQRSSTLIDAPITSHQVYRLSHSEHLIYTRAHHIVLDGYGMMLFEQRLSQHYQSLLSGQTPTAAFKPYQSYLEEEAAYLTSHRYWQDKQFWQGYLREAPDLTLTSATYDPQLSHAVSLSYTLNSQLNHLLLKLANANQIGWPDALVALCALYLESAEPDAPWLWLPFMNRWGSVAANVPGLMVNSLPLLRLSAQQTSLGNYLKQSGQAIRSLYLHGRYRIEQIEQDQGLNAEQSYFMSPFINILPFESPHFADCQTELKVLASGSAEGINFTFRGSPQHELCLDITADLASYPQSHWQSHCERFPRFFEQLLARFQQVEQDVARLLAEPAA,CCHHHHHHHHHHHHCCCCCCCEEEEEEEEECCCCHHHHHHHHHHHHHCCHHHHEEECCCCCEEECCCCCCCEEEECCCCCCHHHHHHHHHHHHHCCCCCCECCCCCEEEEEEEECCEEEEEEEEECCCCCHHHHHHHHHHHHHHHHHHHHCCCCCCCCCCHHHHHHHHHHHHCCHHHHHHHHHHHHHHHCCCCCCECCCCCCHHHCCEEEEEEECCHHHHHHHHHHHHHCCCCHHHHHHHHHHHHHHHHCCCCCEEEEEECCCCCCHHHHCCCCCCEEEEEECCCCCCCEHHHHHHHHHHHHHHHHHCCCCCHHHHHHHCCCCCCCCECCCCEEEEECCCCCCCCCCEEEEEEEEECCCCCEEEEEEECCCCCEEEEEEEECCCCCHHHHHHHHHHHHHHHHHHHHHHHCCCCCHHHHHHCECC
HMGHIQIPPGLTELLQGYTVEVLRQQPPDLVDFAVEYFTRLREARR,CCCCCCCCCCHHHHHHHHHHHHHHCCCCCHHHHHHHHHHHHCCCCC
DAPGRSQFVPADQAFAFDFQQNQHDLNLTWQIKDGYYLYRKQIRITPEHAKIADVQLPQGVWHEDEFYGKSEIYRDRLTLPVTINQASAGATLTVTYQGCADAGFCYPPETKTVPLSEVVA,CCCCCCCCCCHHHHEEEEEEEECCEEEEEEEECCCEEEEHHHCEEEEEEEEECCCCCCCCEEEEECCCEEEEEECCEEEEEEEEEEEEEEEEEEEEECEEECCCEECCCEEEEEECCCECC
SIKIRDFGLGSDLISLTNKAGVTISFTNLGARIVDWQKDGKHLILGFDSAKEYLEKDAYPGATVGPTAGRIKDGLVKISGKDYILNQNEGPQTLHGGEESIHTKLWTYEVTDLGAEVQVKFSLVSNDGTNGYPGKIEMSVTHSFDDDNKWKIHYEAISDKDTVFNPTGHVYFNLNGDASESVENHGLRLAASRFVPLKDQTEIVRGDIVDIKNTDLDFRQEKQLSNAFNSNMEQVQLVKGIDHPFLLDQLGLDKEQARLTLDDTSISVFTDQPSIVIFTANFGDLGTLYHEKKQVHHGGITFECQVSPGSEQIPELGDISLKAGEKYQATTIYSLHTKL,CEEEEEEECCEEEEEEECCCCCEEEEECECCEEEEEEECCEECECCCCCHHHHHHCCCCCCCEECCECCEEHHHEEEECCEEEECCCCECCEEECCCCCCHHHCECEEEEEECCCEEEEEEEEEECCCHHHCCCCEEEEEEEEEECCCEEEEEEEEEECCCEECECEECCEECCCCCCCCCHHHCEEEECEEEECCECCCCCCECCCCEECCCCCCCCCCCEEHHHHHCCCCHHHHHHCCCEEEEEECCCCCCCCCEEEEECCEEEEEEECCCEEEEECCCCCCCCCEECCEECCCCCCEECEEECCCCCCCCHHHCCCEECCCCCEEEEEEEEEEECC
AKMRISPELKKLIEKYRCVKDTEGMSPAKVYKLVGENENLYLKMTDSRYKGTTYDVEREKDMMLWLEGKLPVPKVLHFERHDGWSNLLMSEADGVLCSEEYEDEQSPEKIIELYAECIRLFHSIDISDCPYTNSLDSRLAELDYLLNNDLADVDCENWEEDTPFKDPRELYDFLKTEKPEEELVFSHGDLGDSNIFVKDGKVSGFIDLGRSGRADKWYDIAFCVRSIREDIGEEQYVELFFDLLGIKPDWEKIKYYILLDELF,CCCCCCHHHHHHHHCCEEEECCCCCCCCEEEEEECCCCEEEEEEECHHHCCCCCCHHHHHHHHHHCCCCCCCCCEEEEEEECCEEEEEEECCCCEEHHHHHCCCCCHHHHHHHHHHHHHHHHCCCCCCCCCECCHHHHHHHHHHHHHCCCCCCCCCCCCCCCCCCCHHHHHHHHHHCCCCCCEEEECCCCCCCCEEECCCCEEEECCCCCCEEEEHHHHHHHHHHHHHHHCCCHHHHHHHHHHHCCCCCHHHHHHHHHHHHCC
GKLPESPKRAEEIWQQSVIGDYLARFKNDRVKALKAMEMTWNNMEKKEKLMWIKKAAEDQKRYERELSEMRAPPAATNSSKKL,CCCCCCCCHHHHHHHHHHHHHHHHHCCCCHHHHHHHHHHHHHCCHHHHHHHHHHHHHHHHHHHHHHHHCCCCHHHCCCCCCCC
MAELACFCYPHLENDSYKFIPFNNLAIKAMLTAKVDKKDMDKFYDSIIYGIAPPPQFKKRYNTNDNSRGMNFETIMFTKVAMLICEALNSLKVTQANVSNVLSRVVSIRHLENLVIRKENPQDILFHSKDLLLKSTLIAIGQSKEIETTITAEGGEIVFQNAAFTMWKLTYLEHQLMPILDQNFIEYKVTLNEDKPISDVHVKELVAELRWQYNKFAVITHGKGHYRIVKYSSVANHADRVYATFKSNVKTGVNNDFNLLDQRIIWQNWYAFTSSMKQGNTLDVCKRLLFQKMKPEKNPFKGLSTDRKMDEVS,CCEHHHCEEEEEECCEEEEEECCHHHHHHHCCCCCCHHHCCCCEECCCCCEECCHHHHHHECECCECCCECCCCHHHHHHHHHHHHHHCCCCCCHHHHHHHHHCECCHHHHHHHHHHHCCCCCHHHHCHHHHHHHHHHHCCCCCCCCCCCCCCCCEEEEECCCEEEEECCHHHCCCCCCCCCCCCEEEEEECCCCCCCHHHHHHHHHHHHHHCCCEEEEECCCCCEEEEEHHHHHHHHHHHHHHHHCCCCCCCCCCCCCCCCCCCCHHHHHHHHHHHHCCCHHHHHHHHHCCCCCCCCCCCCHHHHHHHHHHC
AKKPIIGILMQKCRNKVMKNYGRYYIAASYVKYLESAGARVVPVRLDLTEKDYEILFKSINGILFPGGSVDLRRSDYAKVAKIFYNLSIQSFDDGDYFPVWGTCLGFEELSLLISGECLLTATDTVDVAMPLNFTGGQLHSRMFQNFPTELLLSLAVEPLTANFHKWSLSVKNFTMNEKLKKFFNVLTTNTDGKIEFISTMEGYKYPVYGVQWHPEKAPYEWKNLDGISHAPNAVKTAFYLAEFFVNEARKNNHHFKSESEEEKALIYQFSPIYTGNISSFQQCYIFD,CCCCEEEEECEECCCHHHHCCCCEEEEHHHHHHHHHCCCEEEEECCCCCHHHHHHHHHHCCEEEECCCCCCCCCCHHHHHHHHHHHHHHHHHHCCCCCCEEEECHHHHHHHHHHHCCCCCEEEEEEEEEECCEECCCCCCCCCCCCCCHHHHHHHHHCCCEEEEEEEECEHHHHHCCHHHHHHEEEEEEEECCCCEEEEEEEECCCCEEEECCCCCHHHHCCCCCCCCCCCHHHHHHHHHHHHHHHHHHCCCCCCCCCHHHHHHHCHHHCCCEECCCCCCCCEEEEEC
DVVEGMQFDRGYLSPYFINKPETGAVELESPFILLADKKISNIREMLPVLEAVAKAGKPLLIIAEDVEGEALATLVVNTMRGIVKVAAVKAPGFGDRRKAMLQDIATLTGGTVISEEIGMELEKATLEDLGQAKRVVINKDTTTIIDGVGEEAAIQGRVAQIRQQIEEATSDYDREKLQERVAKLAGGVAVI,CCCCCEEECCCECCHHHCCECCCCEEEEECCEEEEEEEEECCHHHHHHHHHHHHHHCCCEEEEEEEECHHHHHHHHHHHHHCCCCEEEEECCCCHHHHHHHHHHHHHHHCCCCECHHHCCCHHHCCHHHCEEEEEEEECCCCEEEEEECCCHHHHHHHHHHHHHHHHCCCCHHHHHHHHHHHHHHHHHCCCC
GNSKSGALSKEILEELQLNTKFTEEELSSWYQSFLKECPSGRITRQEFQTIYSKFFPEADPKAYAQHVFRSFDANSDGTLDFKQYVIALHMTSAGKTNQKLEWAFSLYDVDGNGTISKNEVLEIVTAIFKMISPEDTKHLPEDENTPEKRAEKIWGFFGKKDDDKLTEKEFIEGTLANKEILRLIQFE,CCHHHHHHHHHHHHHCCCCCCCCHHHHHHHHHHHHHHCCCCEECHHHHHHHHHHHCCCCCCCCHHHHHHHHHCCCCCCCEECHHHHHHHHCCCCCCCCCCHHHHHHHHCCCCCCCECHHHHHHHHHHHHHHCCHHHHCCCCCCCCCHHHHHHHHHHHHCCCCCCCECCCHHHHHHHCCCCHHHHCCCC
MDERDALRISREIAGEVRKAIASMPLRERVKDVGMGKDGTPTKAADRVAEDAALEILRKERVTVVTEESGVLGEGDVFVALDPLDGTFNATRGIPVYSVSLCFSYSDKLKDAFFGYVYNLATGDEYYADSSGAYRNGERIEVSDAEELYCNAIIYYPDRKFPFKRMRIFGSAATELCFFADGSFDCFLDIRPGKMLRIYDAAAGVFIAEKAGGKVTELDGESLGNKKFDMQERLNIVAANEKLHPKLLELIK,CCHHHHHHHHHHHHHHHHHHHHCCCHHHHCCEEEECCCCCEEEHHHHHHHHHHHHHHCCCCEEEEECCCEEEECCCEEEEEEEEECHHHHHCCCCCCEEEEEEECCCEHHHEEEEEEEECCCCCEEEEECCEEEECCEEECCCCCCCCCCEEEEECCCCCCCCCEEEECCCHHHHHHHHHCCCCCEEEECCCCCCECHHHHHHHHHHHHHCCCEEECCCCCCCCCCECCCCCCECEEEECCCCHHHHHHHHC
LFNTAHGGNIREPATVLGISPDQLLDFSANINPLGMPVSVKRALIDNLDCIERYPDADYFHLHQALARHHQVPASWILAGNGETESIFTVASGLKPRRAMIVTPGFAEYGRALAQSGCEIRRWSLREADGWQLTDAILEALTPDLDCLFLCTPNNPTGLLPERPLLQAIADRCKSLNINLILDEAFIDFIPHETGFIPALKDNPHIWVLRSLTKFYAIPGLRLGYLVNSDDAAMARMRRQQMPWSVNALAALAGEVALQDSAWQQATWHWLREEGARFYQALCQLPLLTVYPGRANYLLLRCEREDIDLQRRLLTQRILIRSCANYPGLDSRYYRVAIRSAAQNERLLAALRNVL,CCCCCCCCCCHHHHHHHCCCHHHCEECCCCCCCCCCCHHHHHHHHHCHHHHHCCCCCCCHHHHHHHHHHHCCCHHHEEEECCHHHHHHHHHHHHCCCEEEEEECCCCHHHHHHHHCCCEEEEEECCHHHCCCCCCCHHHHCCCCCCEEEEECCCCCCCCCCCHHHHHHHHHHHHHHCCEEEEECCCHHHCCCCCCCHHHCCCCCCEEEEEECCCCCCCCCCCCEEEECCCHHHHHHHHHHCCCCCCCHHHHHHHHHHHHCHHHHHHHHHHHHHHHHHHHHHHHCCCCEEECCCCCCEEEEEECCCCCCHHHHHHCCCEECEECCCCCCCCCCEEEEECCCHHHHHHHHHHHHHHC
FVSLDSPSYVLYRDRAEWADIDPVPQNDGPNPVVQIIYSDKFRDVYDYFRAVLQRDERSERAFKLTRDAIELNAANYTVWHFRRVLLKSLQKDLHEEMNYITAIIEEQPKNYQVWHHRRVLVEWLRDPSQELEFIADILNQDAKNYHAWQHRQWVIQEFKLWDNELQYVDQLLKEDVRNNSVWNQRYFVISNTTGYNDRAVLEREVQYTLEMIKLVPHNESAWNYLKGILQDRGLSKYPNLLNQLLDLQPSHSSPYLIAFLVDIYEDMLENQCDNKEDILNKALELCEILAKEKDTIRKEYWRYIGRSLQSKH,CCCCCCCCCCCHHHCHHHCCCCCCCCCCCCCCCCEECCCHHHHHHHHHHHHHHHHCCCCHHHHHHHHHHHHHCCCCHHHHHHHHHHHHHCCCCHHHHHHHHHHHHHHCCCCHHHHHHHHHHHHHHCCCCCHHHHHHHHHHHCCCCHHHHHHHHHHHHHCCCCCCHHHHHHHHHHHCCCCHHHHHHHHHHHHHCCCCCCHHHHHHHHHHHHHHHHHCCCCHHHHHHHHHHHCCCCHHHCHHHHHHHHHHHHHHCCHHHHHHHHHHHHHHHHCCCCCHHHHHHHHHHHHHHHHHCCCHHHHHHHHHHHHHHHHHC
KYELTLQRSLPFIEGMLTNLGAMKLHKIHSFLKITVPKDWGYNRITLQQLEGYLNTLADEGRLKYIANGSYEIV,CCHHHHHHHHHHHHHHHHHHCCEEHHHHHHHHHHHCCHHHCCCCCCHHHHHHHHHHHHHCCCEECCCCCEEEEC
MKPYQRQFIEFALNKQVLKFGEFTLKSGRKSPYFFNAGLFNTGRDLALLGRFYAEALVDSGIEFDLLFGPAYKGIPIATTTAVALAEHHDKDLPYCFNRKEAKDHGEGGSLVGSALQGRVMLVDDVITAGTAIRESMEIIQAHGATLAGVLISLDRQERGRGEISAIQEVERDYGCKVISIITLKDLIAYLEEKPDMAEHLAAVRAYREEFGV,CCHHHHHHHHHHHHCCCEEEEEEECCCCCEEEEEECHHHCCEHHHHHHHHHHHHHHHHHHCCCCCEEECCCCCHHHHHHHHHHHHHHHHCCCCEEEEECCCCCCCCCCCCEEECCCCCEEEEECCCCCCCCHHHHHHHHHHHCCCEEEEEEEEEECCEECCCCCEHHHHHHHHHCCEEEEEEEHHHHHHHHHHCHHHHHHHHHHHHHHHHHEC
VDHGFLVTRHSQTIDDPQCPSGTKILYHGYSLLYVQGNERAHGQDLGTAGSCLRKFSTMPFLFCNINNVCNFASRNDYSYWLSTPEPMPMSMAPITGENIRPFISRCAVCEAPAMVMAVHSQTIQIPPCPSGWSSLWIGYSFVMHTSAGAEGSGQALASPGSCLEEFRSAPFIECHGRGTCNYYANAYSFWLATIERSEMFKKPTPSTLKAGELRTHVSRCQVCMRRT,CCCCEEEEEECCCCCCCCCCCCCEEEEEEEEEEEEEECCEEEECCCCCHHHEECCCCCCCEEEECCCCEEEECCCCCEEEEEECCCCCCCCCCCEEHHHHHHHECEEEEEEECCCEEEEECCCCCCCCCCCCEEEEEEEEEEEEEECHHHCEEECCCCCHHHEECCCCCCCEEEEECCCEEECCCCCEEEEEECCCHHHCCCCCCCEEEECCCHHHHECEEEEEEECC
ADLEDNMETLNDNLKVIEKADNAAQVKDALTKMRAAALDAQKATPPKLEDKSPDSPEMKDIRHGYDILVGQIDDALKLANEGKVKEAQAAAEQLKTTRNAYHQKYL,CCHHHHHHHHHHHHHHHHHCCCHHHHHHHHHHHHHHHHHHHCCCCCCCCCCCCCCHHHHHHHHHHHHHHHHHHHHHHHHHHCCHHHHHHHHHHHHHHHHHHHHHHC
FSEEQFWEACAELQQPALAGADWQLLVETSGISIYRLLDKKTGLYEYKVFGVLEDCSPTLLADIYMDSDYRKQWDQYVKELYEQECNGETVVYWEVKYPFPMSNRDYVYLRQRRDLDMEGRKIHVILARSTSMPQLGERSGVIRVKQYKQSLAIESDGKKGSKVFMYYFDNPGGQIPSWLINWAAKNGVPNFLKDMARACQNY,CCHHHHHHCCHHHHCCCCCCCCCEEEEEECCEEEEEEEECCCCEEEEEEEEEECCCCHHHHHHHHHCHHHHHHHCCCEEEEEEEEECCEEEEEEEECCCCCCCCEEEEEEEEEEEECCCCCCEEEEEEEECCECCECCCCCCEEECCEEEEEEEEECCCCCEEEEEEEEECCCCCCCHHHHHHHHHCHHHHHHHHHHHHHHCC
MDLSTKQKQHLKGLAHPLKPVVLLGSNGLTEGVLAEIEQALEHHELIKVKIATEDRETKTLIVEAIVRETGACNVQVIGKTLVLYRPTKERKISLPLE,CCCCHHHHHHHHHHHCCCCCCEEECCCCCCHHHHHHHHHHHHHHCEEEEEECCCCHHHHHHHHHHHHHHHCCEEEEEECCEEEEECCCCCCCCCCCCC
SDKLNEEAAKNIMVGNRCEVTVGAQMARRGEVAYVGATKFKEGVWVGVKYDEPVGKNDGSVAGVRYFDCDPKYGGFVRPVDVKVGDFPELSIDEI,CCHHHHHHHHCCCCCCEEEECCCCCCCEEEEEEEEECCCCCCCCEEEEEECCCCCCECCEECCEECCCCCCCCEEEECHHHEEECCCCCCCCCCC
GLQRLHMLQISYFRDPYHVWYQGNASLGGHLTHVLEGPDTNTTIIQLQPLQEPESWARTQSGLQSYLLQFHGLVRLVHQERTLAFPLTIRCFLGCELPPEGSRAHVFFEVAVNGSSFVSFRPERALWQADTQVTSGVVTFTLQQLNAYNRTRYELREFLEDTCVQYVQKHIS,CCEEEEEEEEEEEEECCEEEEEEEEEECCEEEEEEEEECCCCEEEECCCCCCHHHHHHHHHHHHHHHHHHHHHHHHHHHHHCCCCCEEEEEEEEEEECCCCCCCEEEEEEEECCEEEEEEECCCCEEEECCCCCCHHHHHHHHHHCCCCCCCHHHHHHHHCHHHHHHHHHCC
SCVRDNSLVRDISQMPQSSYGIEGLSHITVAGALNHGMKEVEVWLQTISPGQRTPIHRHSCEEVFTVLKGKGTLLMGSSSLKYPGQPQEIPFFQNTTFSIPVNDPHQVWNSDEHEDLQVLVIISRPPAKIFLYDDWSMPHTAAVLKFPFVWDEDCFEAAK,CCCCCCCCEEEHHHCCCECCCCCCEEEEEEECHHHHCCCCEEEEEEEECCCCECCEEEECCCEEEEEEECCEEEEECCCCCCCCCCCEEEEECCCEEEEECCCCCEEEECCCCCCCEEEEEEEECCCCCEEEECCCCCCHHHCEEECCCCCCHHHHHHCC
